"Country","Year","Life Expectancy Rate","Worldwide Life Expectancy Rate","Decade"
"australia",2013,82.1975609756098,69.48,2010
"cambodia",2013,71.7475609756098,69.48,2010
"kuwait",2013,74.462756097561,69.48,2010
"lebanon",2013,80.1288780487805,69.48,2010
"liberia",2013,60.5318780487805,69.48,2010
"liechtenstein",2013,82.3829268292683,69.48,2010
"sri lanka",2013,74.2402926829268,69.48,2010
"lesotho",2013,49.3314634146342,69.48,2010
"lithuania",2013,74.1634146341464,69.48,2010
"luxembourg",2013,81.7975609756098,69.48,2010
"latvia",2013,73.9804878048781,69.48,2010
"morocco",2013,70.8721219512195,69.48,2010
"azerbaijan",2013,70.6931463414634,69.48,2010
"moldova",2013,68.811512195122,69.48,2010
"madagascar",2013,64.6913902439024,69.48,2010
"maldives",2013,77.9353658536585,69.48,2010
"mexico",2013,77.3540243902439,69.48,2010
"mali",2013,55.013512195122,69.48,2010
"malta",2013,80.7463414634146,69.48,2010
"burundi",2013,54.0971951219512,69.48,2010
"mongolia",2013,67.5481951219512,69.48,2010
"mozambique",2013,50.1733658536585,69.48,2010
"mauritania",2013,61.511756097561,69.48,2010
"mauritius",2013,74.46,69.48,2010
"malawi",2013,55.2347073170732,69.48,2010
"malaysia",2013,75.0162682926829,69.48,2010
"namibia",2013,64.3438780487805,69.48,2010
"belgium",2013,80.3853658536585,69.48,2010
"niger",2013,58.4427073170732,69.48,2010
"nigeria",2013,52.4997804878049,69.48,2010
"nicaragua",2013,74.7881707317073,69.48,2010
"netherlands",2013,81.1048780487805,69.48,2010
"norway",2013,81.4512195121951,69.48,2010
"nepal",2013,68.4038536585366,69.48,2010
"new zealand",2013,81.4073170731707,69.48,2010
"oman",2013,76.8520243902439,69.48,2010
"pakistan",2013,66.5853658536585,69.48,2010
"panama",2013,77.5789512195122,69.48,2010
"benin",2013,59.2875609756098,69.48,2010
"peru",2013,74.8146097560976,69.48,2010
"philippines",2013,68.7144878048781,69.48,2010
"papua new guinea",2013,62.4307317073171,69.48,2010
"poland",2013,76.8487804878049,69.48,2010
"portugal",2013,80.3731707317073,69.48,2010
"paraguay",2013,72.2734878048781,69.48,2010
"burkina faso",2013,56.2750243902439,69.48,2010
"qatar",2013,78.6069024390244,69.48,2010
"romania",2013,74.4634146341463,69.48,2010
"rwanda",2013,63.9939756097561,69.48,2010
"saudi arabia",2013,75.7033658536586,69.48,2010
"sudan",2013,62.0444878048781,69.48,2010
"senegal",2013,63.3507317073171,69.48,2010
"singapore",2013,82.3463414634146,69.48,2010
"solomon islands",2013,67.7169024390244,69.48,2010
"sierra leone",2013,45.5509512195122,69.48,2010
"bangladesh",2013,70.6933902439024,69.48,2010
"el salvador",2013,72.3389268292683,69.48,2010
"serbia",2013,75.1365853658537,69.48,2010
"suriname",2013,71.0316341463415,69.48,2010
"slovenia",2013,80.2780487804878,69.48,2010
"sweden",2013,81.7048780487805,69.48,2010
"bulgaria",2013,74.4658536585366,69.48,2010
"swaziland",2013,48.9379268292683,69.48,2010
"seychelles",2013,74.2268292682927,69.48,2010
"chad",2013,51.1590731707317,69.48,2010
"togo",2013,56.4885121951219,69.48,2010
"thailand",2013,74.3650731707317,69.48,2010
"tajikistan",2013,67.3746097560976,69.48,2010
"turkmenistan",2013,65.4625853658537,69.48,2010
"bahrain",2013,76.6698780487805,69.48,2010
"tonga",2013,72.6423170731708,69.48,2010
"trinidad and tobago",2013,69.9252195121951,69.48,2010
"tunisia",2013,73.6463414634147,69.48,2010
"turkey",2013,75.1759512195122,69.48,2010
"uganda",2013,59.19,69.48,2010
"ukraine",2013,71.159512195122,69.48,2010
"afghanistan",2013,60.9314146341463,69.48,2010
"uruguay",2013,77.0514146341463,69.48,2010
"united states",2013,78.8414634146341,69.48,2010
"uzbekistan",2013,68.2275853658537,69.48,2010
"vietnam",2013,75.756487804878,69.48,2010
"vanuatu",2013,71.6868292682927,69.48,2010
"samoa",2013,73.2648780487805,69.48,2010
"bosnia and herzegovina",2013,76.2799024390244,69.48,2010
"south africa",2013,56.7365853658537,69.48,2010
"zambia",2013,58.0927804878049,69.48,2010
"zimbabwe",2013,59.7734878048781,69.48,2010
"belarus",2013,72.4707317073171,69.48,2010
"belize",2013,73.9048780487805,69.48,2010
"bolivia",2013,67.2173658536585,69.48,2010
"brazil",2013,73.8859512195122,69.48,2010
"barbados",2013,75.2964146341463,69.48,2010
"bhutan",2013,68.3023170731707,69.48,2010
"angola",2013,51.8661707317073,69.48,2010
"botswana",2013,47.4056097560976,69.48,2010
"canada",2013,81.4011219512195,69.48,2010
"switzerland",2013,82.7487804878049,69.48,2010
"chile",2013,79.8368048780488,69.48,2010
"china",2013,75.3530243902439,69.48,2010
"cameroon",2013,55.0418048780488,69.48,2010
"albania",2013,77.537243902439,69.48,2010
"colombia",2013,73.9788292682927,69.48,2010
"comoros",2013,60.8574878048781,69.48,2010
"costa rica",2013,79.921,69.48,2010
"cuba",2013,79.2392682926829,69.48,2010
"cyprus",2013,79.8043170731708,69.48,2010
"czech republic",2013,78.2780487804878,69.48,2010
"germany",2013,81.0439024390244,69.48,2010
"united arab emirates",2013,77.1312926829268,69.48,2010
"djibouti",2013,61.7869512195122,69.48,2010
"denmark",2013,80.3024390243903,69.48,2010
"dominican republic",2013,73.4509512195122,69.48,2010
"algeria",2013,71.0096585365854,69.48,2010
"ecuador",2013,76.4650731707317,69.48,2010
"spain",2013,82.4268292682927,69.48,2010
"estonia",2013,76.4243902439025,69.48,2010
"argentina",2013,76.1872926829268,69.48,2010
"ethiopia",2013,63.6173414634146,69.48,2010
"finland",2013,80.8317073170732,69.48,2010
"fiji",2013,69.923,69.48,2010
"france",2013,81.9682926829268,69.48,2010
"gabon",2013,63.441,69.48,2010
"united kingdom",2013,80.9560975609756,69.48,2010
"georgia",2013,74.079512195122,69.48,2010
"ghana",2013,61.0986341463415,69.48,2010
"armenia",2013,74.540756097561,69.48,2010
"guinea",2013,56.0916585365854,69.48,2010
"guinea-bissau",2013,54.2717073170732,69.48,2010
"equatorial guinea",2013,53.1145609756098,69.48,2010
"greece",2013,80.6341463414634,69.48,2010
"guatemala",2013,71.9928292682927,69.48,2010
"guyana",2013,66.2079024390244,69.48,2010
"honduras",2013,73.8030487804878,69.48,2010
"croatia",2013,77.1268292682927,69.48,2010
"haiti",2013,63.0588536585366,69.48,2010
"hungary",2013,75.2682926829268,69.48,2010
"indonesia",2013,70.8174390243903,69.48,2010
"india",2013,66.456243902439,69.48,2010
"ireland",2013,81.0439024390244,69.48,2010
"iraq",2013,69.4716829268293,69.48,2010
"iceland",2013,83.1170731707317,69.48,2010
"israel",2013,82.0560975609756,69.48,2010
"italy",2013,82.290243902439,69.48,2010
"jamaica",2013,73.4689268292683,69.48,2010
"jordan",2013,73.9014146341463,69.48,2010
"japan",2013,83.3319512195122,69.48,2010
"kazakhstan",2013,70.45,69.48,2010
"kenya",2013,61.6839756097561,69.48,2010
"australia",2012,82.0463414634146,69.48,2010
"cambodia",2012,71.4088292682927,69.48,2010
"kuwait",2012,74.359,69.48,2010
"lebanon",2012,79.8463658536585,69.48,2010
"liberia",2012,60.2063902439024,69.48,2010
"liechtenstein",2012,82.3829268292683,69.48,2010
"sri lanka",2012,74.0680487804878,69.48,2010
"lesotho",2012,48.836,69.48,2010
"lithuania",2012,73.8634146341464,69.48,2010
"luxembourg",2012,81.3926829268293,69.48,2010
"latvia",2012,73.7780487804878,69.48,2010
"morocco",2012,70.6431219512195,69.48,2010
"azerbaijan",2012,70.6249512195122,69.48,2010
"moldova",2012,68.6934146341464,69.48,2010
"madagascar",2012,64.2486341463415,69.48,2010
"maldives",2012,77.5738292682927,69.48,2010
"mexico",2012,77.1350731707317,69.48,2010
"mali",2012,54.6039268292683,69.48,2010
"malta",2012,80.7463414634146,69.48,2010
"burundi",2012,53.628756097561,69.48,2010
"mongolia",2012,67.3394390243902,69.48,2010
"mozambique",2012,49.8362682926829,69.48,2010
"mauritania",2012,61.3506097560976,69.48,2010
"mauritius",2012,73.8634146341464,69.48,2010
"malawi",2012,54.7237804878049,69.48,2010
"malaysia",2012,74.8422926829268,69.48,2010
"namibia",2012,63.8811463414634,69.48,2010
"belgium",2012,80.3853658536585,69.48,2010
"niger",2012,57.9661707317073,69.48,2010
"nigeria",2012,52.1090243902439,69.48,2010
"nicaragua",2012,74.4653902439024,69.48,2010
"netherlands",2012,81.1048780487805,69.48,2010
"norway",2012,81.4512195121951,69.48,2010
"nepal",2012,67.9827073170732,69.48,2010
"new zealand",2012,81.1560975609756,69.48,2010
"oman",2012,76.5910487804878,69.48,2010
"pakistan",2012,66.4358780487805,69.48,2010
"panama",2012,77.3680975609756,69.48,2010
"benin",2012,59.1194878048781,69.48,2010
"peru",2012,74.5155365853659,69.48,2010
"philippines",2012,68.5537317073171,69.48,2010
"papua new guinea",2012,62.2989268292683,69.48,2010
"poland",2012,76.7975609756098,69.48,2010
"portugal",2012,80.3731707317073,69.48,2010
"paraguay",2012,72.1937317073171,69.48,2010
"burkina faso",2012,55.8620243902439,69.48,2010
"qatar",2012,78.4538048780488,69.48,2010
"romania",2012,74.4634146341463,69.48,2010
"rwanda",2012,63.4928536585366,69.48,2010
"saudi arabia",2012,75.4969024390244,69.48,2010
"sudan",2012,61.8639512195122,69.48,2010
"senegal",2012,63.2021707317073,69.48,2010
"singapore",2012,81.9951219512195,69.48,2010
"solomon islands",2012,67.5070731707317,69.48,2010
"sierra leone",2012,45.3290487804878,69.48,2010
"bangladesh",2012,70.2948536585366,69.48,2010
"el salvador",2012,72.1045365853659,69.48,2010
"serbia",2012,74.8365853658537,69.48,2010
"suriname",2012,70.8113902439024,69.48,2010
"slovenia",2012,80.1243902439024,69.48,2010
"sweden",2012,81.7048780487805,69.48,2010
"bulgaria",2012,74.3146341463415,69.48,2010
"swaziland",2012,48.8506341463415,69.48,2010
"seychelles",2012,74.2268292682927,69.48,2010
"chad",2012,50.7005853658537,69.48,2010
"togo",2012,56.1503414634146,69.48,2010
"thailand",2012,74.1879756097561,69.48,2010
"tajikistan",2012,67.2571707317073,69.48,2010
"turkmenistan",2012,65.3135853658537,69.48,2010
"bahrain",2012,76.5361951219512,69.48,2010
"tonga",2012,72.489,69.48,2010
"trinidad and tobago",2012,69.8171463414634,69.48,2010
"tunisia",2012,73.9951219512195,69.48,2010
"turkey",2012,74.8624390243903,69.48,2010
"uganda",2012,58.6479756097561,69.48,2010
"ukraine",2012,70.9441463414634,69.48,2010
"afghanistan",2012,60.5091219512195,69.48,2010
"uruguay",2012,76.9078292682927,69.48,2010
"united states",2012,78.7414634146342,69.48,2010
"uzbekistan",2012,68.104,69.48,2010
"vietnam",2012,75.6066829268293,69.48,2010
"vanuatu",2012,71.4106829268293,69.48,2010
"samoa",2012,72.9820487804878,69.48,2010
"bosnia and herzegovina",2012,76.1211463414634,69.48,2010
"south africa",2012,56.0983170731707,69.48,2010
"zambia",2012,57.0225853658537,69.48,2010
"zimbabwe",2012,58.0459756097561,69.48,2010
"belarus",2012,71.9658536585366,69.48,2010
"belize",2012,73.6991463414634,69.48,2010
"bolivia",2012,66.9266341463415,69.48,2010
"brazil",2012,73.6178780487805,69.48,2010
"barbados",2012,75.1320243902439,69.48,2010
"bhutan",2012,67.8892682926829,69.48,2010
"angola",2012,51.464,69.48,2010
"botswana",2012,46.9907073170732,69.48,2010
"canada",2012,81.2380487804878,69.48,2010
"switzerland",2012,82.6975609756098,69.48,2010
"chile",2012,79.5726585365854,69.48,2010
"china",2012,75.199512195122,69.48,2010
"cameroon",2012,54.587512195122,69.48,2010
"albania",2012,77.3504634146341,69.48,2010
"colombia",2012,73.7770731707317,69.48,2010
"comoros",2012,60.644,69.48,2010
"costa rica",2012,79.7050243902439,69.48,2010
"cuba",2012,79.0670243902439,69.48,2010
"cyprus",2012,79.6371219512195,69.48,2010
"czech republic",2012,78.0756097560976,69.48,2010
"germany",2012,80.8926829268293,69.48,2010
"united arab emirates",2012,76.9578780487805,69.48,2010
"djibouti",2012,61.3039756097561,69.48,2010
"denmark",2012,80.0512195121951,69.48,2010
"dominican republic",2012,73.2329756097561,69.48,2010
"algeria",2012,70.8821707317073,69.48,2010
"ecuador",2012,76.1925609756098,69.48,2010
"spain",2012,82.4268292682927,69.48,2010
"estonia",2012,76.3268292682927,69.48,2010
"argentina",2012,76.0126829268293,69.48,2010
"ethiopia",2012,62.9659512195122,69.48,2010
"finland",2012,80.6268292682927,69.48,2010
"fiji",2012,69.7447317073171,69.48,2010
"france",2012,81.9682926829268,69.48,2010
"gabon",2012,63.0739268292683,69.48,2010
"united kingdom",2012,80.9048780487805,69.48,2010
"georgia",2012,73.9448780487805,69.48,2010
"ghana",2012,60.9471219512195,69.48,2010
"armenia",2012,74.4372195121951,69.48,2010
"guinea",2012,55.8446585365854,69.48,2010
"guinea-bissau",2012,54.0336341463415,69.48,2010
"equatorial guinea",2012,52.6129024390244,69.48,2010
"greece",2012,80.6341463414634,69.48,2010
"guatemala",2012,71.6638536585366,69.48,2010
"guyana",2012,66.0462682926829,69.48,2010
"honduras",2012,73.4934390243903,69.48,2010
"croatia",2012,76.9243902439024,69.48,2010
"haiti",2012,62.7026585365854,69.48,2010
"hungary",2012,75.0634146341463,69.48,2010
"indonesia",2012,70.607243902439,69.48,2010
"india",2012,66.2108536585366,69.48,2010
"ireland",2012,80.8951219512195,69.48,2010
"iraq",2012,69.2419268292683,69.48,2010
"iceland",2012,82.9170731707317,69.48,2010
"israel",2012,81.7048780487805,69.48,2010
"italy",2012,82.2390243902439,69.48,2010
"jamaica",2012,73.2824878048781,69.48,2010
"jordan",2012,73.7473902439024,69.48,2010
"japan",2012,83.0960975609756,69.48,2010
"kazakhstan",2012,69.61,69.48,2010
"kenya",2012,61.0831707317073,69.48,2010
"australia",2011,81.8951219512195,69.48,2010
"cambodia",2011,71.0510975609756,69.48,2010
"kuwait",2011,74.258243902439,69.48,2010
"lebanon",2011,79.5589268292683,69.48,2010
"liberia",2011,59.8598780487805,69.48,2010
"liechtenstein",2011,81.7926829268293,69.48,2010
"sri lanka",2011,73.8992926829269,69.48,2010
"lesotho",2011,48.219756097561,69.48,2010
"lithuania",2011,73.5634146341464,69.48,2010
"luxembourg",2011,80.9878048780488,69.48,2010
"latvia",2011,73.5756097560976,69.48,2010
"morocco",2011,70.4091219512195,69.48,2010
"azerbaijan",2011,70.5512926829268,69.48,2010
"moldova",2011,68.5752926829268,69.48,2010
"madagascar",2011,63.7989024390244,69.48,2010
"maldives",2011,77.1928780487805,69.48,2010
"mexico",2011,76.9141707317073,69.48,2010
"mali",2011,54.1908292682927,69.48,2010
"malta",2011,80.7463414634146,69.48,2010
"burundi",2011,53.1365609756098,69.48,2010
"mongolia",2011,67.1247073170732,69.48,2010
"mozambique",2011,49.4878292682927,69.48,2010
"mauritania",2011,61.1869512195122,69.48,2010
"mauritius",2011,73.2668292682927,69.48,2010
"malawi",2011,54.1399512195122,69.48,2010
"malaysia",2011,74.6683902439025,69.48,2010
"namibia",2011,63.2771707317073,69.48,2010
"belgium",2011,80.5853658536585,69.48,2010
"niger",2011,57.4826341463415,69.48,2010
"nigeria",2011,51.710243902439,69.48,2010
"nicaragua",2011,74.1347073170732,69.48,2010
"netherlands",2011,81.2048780487805,69.48,2010
"norway",2011,81.2951219512195,69.48,2010
"nepal",2011,67.5495609756098,69.48,2010
"new zealand",2011,80.9048780487805,69.48,2010
"oman",2011,76.3231463414634,69.48,2010
"pakistan",2011,66.2838780487805,69.48,2010
"panama",2011,77.1568048780488,69.48,2010
"benin",2011,58.9449024390244,69.48,2010
"peru",2011,74.2105365853659,69.48,2010
"philippines",2011,68.3914878048781,69.48,2010
"papua new guinea",2011,62.1621219512195,69.48,2010
"poland",2011,76.7463414634146,69.48,2010
"portugal",2011,80.4707317073171,69.48,2010
"paraguay",2011,72.1134634146341,69.48,2010
"burkina faso",2011,55.4404878048781,69.48,2010
"qatar",2011,78.2996829268293,69.48,2010
"romania",2011,74.5634146341464,69.48,2010
"rwanda",2011,62.9224146341463,69.48,2010
"saudi arabia",2011,75.288,69.48,2010
"sudan",2011,61.6794146341463,69.48,2010
"senegal",2011,63.0425853658537,69.48,2010
"singapore",2011,81.7439024390244,69.48,2010
"solomon islands",2011,67.2922195121951,69.48,2010
"sierra leone",2011,45.1025853658537,69.48,2010
"bangladesh",2011,69.8918048780488,69.48,2010
"el salvador",2011,71.8687073170732,69.48,2010
"serbia",2011,74.5365853658537,69.48,2010
"suriname",2011,70.5811219512195,69.48,2010
"slovenia",2011,79.9707317073171,69.48,2010
"sweden",2011,81.8024390243903,69.48,2010
"bulgaria",2011,74.1634146341463,69.48,2010
"swaziland",2011,48.6613902439024,69.48,2010
"seychelles",2011,72.7243902439024,69.48,2010
"chad",2011,50.2361951219512,69.48,2010
"togo",2011,55.8076585365854,69.48,2010
"thailand",2011,74.0089024390244,69.48,2010
"tajikistan",2011,67.1352195121951,69.48,2010
"turkmenistan",2011,65.1636097560976,69.48,2010
"bahrain",2011,76.4020487804878,69.48,2010
"tonga",2011,72.335243902439,69.48,2010
"trinidad and tobago",2011,69.7085609756098,69.48,2010
"tunisia",2011,74.3439024390244,69.48,2010
"turkey",2011,74.5404878048781,69.48,2010
"uganda",2011,58.0175365853659,69.48,2010
"ukraine",2011,70.8092682926829,69.48,2010
"afghanistan",2011,60.0653658536585,69.48,2010
"uruguay",2011,76.7642682926829,69.48,2010
"united states",2011,78.6414634146341,69.48,2010
"uzbekistan",2011,67.9803902439024,69.48,2010
"vietnam",2011,75.4579024390244,69.48,2010
"vanuatu",2011,71.1280487804878,69.48,2010
"samoa",2011,72.6957804878049,69.48,2010
"bosnia and herzegovina",2011,75.9624146341463,69.48,2010
"south africa",2011,55.2956585365854,69.48,2010
"zambia",2011,55.8331463414634,69.48,2010
"zimbabwe",2011,55.9462195121951,69.48,2010
"belarus",2011,70.5536585365854,69.48,2010
"belize",2011,73.4878048780488,69.48,2010
"bolivia",2011,66.6269268292683,69.48,2010
"brazil",2011,73.3473658536585,69.48,2010
"barbados",2011,74.9671463414634,69.48,2010
"bhutan",2011,67.4607317073171,69.48,2010
"angola",2011,51.0593170731707,69.48,2010
"botswana",2011,46.6689512195122,69.48,2010
"canada",2011,81.0683170731707,69.48,2010
"switzerland",2011,82.6951219512195,69.48,2010
"chile",2011,79.306512195122,69.48,2010
"china",2011,75.042,69.48,2010
"cameroon",2011,54.1373658536585,69.48,2010
"albania",2011,77.1632195121951,69.48,2010
"colombia",2011,73.5738536585366,69.48,2010
"comoros",2011,60.4254878048781,69.48,2010
"costa rica",2011,79.4895609756098,69.48,2010
"cuba",2011,78.8938292682927,69.48,2010
"cyprus",2011,79.4719512195122,69.48,2010
"czech republic",2011,77.8731707317073,69.48,2010
"germany",2011,80.7414634146342,69.48,2010
"united arab emirates",2011,76.781,69.48,2010
"djibouti",2011,60.8030731707317,69.48,2010
"denmark",2011,79.8,69.48,2010
"dominican republic",2011,73.0130487804878,69.48,2010
"algeria",2011,70.7516829268293,69.48,2010
"ecuador",2011,75.9166097560976,69.48,2010
"spain",2011,82.4756097560976,69.48,2010
"estonia",2011,76.2292682926829,69.48,2010
"argentina",2011,75.8386097560976,69.48,2010
"ethiopia",2011,62.2528536585366,69.48,2010
"finland",2011,80.4707317073171,69.48,2010
"fiji",2011,69.5639756097561,69.48,2010
"france",2011,82.1146341463415,69.48,2010
"gabon",2011,62.6933414634146,69.48,2010
"united kingdom",2011,80.9512195121951,69.48,2010
"georgia",2011,73.8097804878049,69.48,2010
"ghana",2011,60.7885853658537,69.48,2010
"armenia",2011,74.3321951219512,69.48,2010
"guinea",2011,55.5901951219512,69.48,2010
"guinea-bissau",2011,53.7960975609756,69.48,2010
"equatorial guinea",2011,52.0849024390244,69.48,2010
"greece",2011,80.7317073170732,69.48,2010
"guatemala",2011,71.3279024390244,69.48,2010
"guyana",2011,65.8800731707317,69.48,2010
"honduras",2011,73.1731951219512,69.48,2010
"croatia",2011,76.7756097560976,69.48,2010
"haiti",2011,62.3059756097561,69.48,2010
"hungary",2011,74.8585365853659,69.48,2010
"indonesia",2011,70.3915609756098,69.48,2010
"india",2011,65.9584878048781,69.48,2010
"ireland",2011,80.7463414634146,69.48,2010
"iraq",2011,69.0157804878049,69.48,2010
"iceland",2011,82.3585365853659,69.48,2010
"israel",2011,81.6560975609756,69.48,2010
"italy",2011,82.1878048780488,69.48,2010
"jamaica",2011,73.0763902439025,69.48,2010
"jordan",2011,73.5918780487805,69.48,2010
"japan",2011,82.5912195121951,69.48,2010
"kazakhstan",2011,68.98,69.48,2010
"kenya",2011,60.3709024390244,69.48,2010
"australia",2010,81.6951219512195,69.48,2010
"cambodia",2010,70.6433658536585,69.48,2010
"kuwait",2010,74.1619268292683,69.48,2010
"lebanon",2010,79.2527804878049,69.48,2010
"liberia",2010,59.4343170731707,69.48,2010
"liechtenstein",2010,81.8414634146342,69.48,2010
"sri lanka",2010,73.7552682926829,69.48,2010
"lesotho",2010,47.4834146341463,69.48,2010
"lithuania",2010,73.2682926829268,69.48,2010
"luxembourg",2010,80.6317073170732,69.48,2010
"latvia",2010,73.4829268292683,69.48,2010
"morocco",2010,70.1715853658537,69.48,2010
"azerbaijan",2010,70.4502926829268,69.48,2010
"moldova",2010,68.4581219512195,69.48,2010
"madagascar",2010,63.3497317073171,69.48,2010
"maldives",2010,76.7863170731707,69.48,2010
"mexico",2010,76.6902926829268,69.48,2010
"mali",2010,53.7707317073171,69.48,2010
"malta",2010,81.3975609756098,69.48,2010
"burundi",2010,52.6240243902439,69.48,2010
"mongolia",2010,66.8946097560976,69.48,2010
"mozambique",2010,49.1370731707317,69.48,2010
"mauritania",2010,61.023243902439,69.48,2010
"mauritius",2010,72.9673170731707,69.48,2010
"malawi",2010,53.4657073170732,69.48,2010
"malaysia",2010,74.4955853658537,69.48,2010
"namibia",2010,62.4802926829268,69.48,2010
"belgium",2010,80.2341463414634,69.48,2010
"niger",2010,56.9856341463415,69.48,2010
"nigeria",2010,51.2894146341464,69.48,2010
"nicaragua",2010,73.7951219512195,69.48,2010
"netherlands",2010,80.7024390243902,69.48,2010
"norway",2010,80.9975609756098,69.48,2010
"nepal",2010,67.1049268292683,69.48,2010
"new zealand",2010,80.7024390243902,69.48,2010
"oman",2010,76.0458048780488,69.48,2010
"pakistan",2010,66.1263414634146,69.48,2010
"panama",2010,76.9487073170732,69.48,2010
"benin",2010,58.7466829268293,69.48,2010
"peru",2010,73.9050975609756,69.48,2010
"philippines",2010,68.2302682926829,69.48,2010
"papua new guinea",2010,62.0078048780488,69.48,2010
"poland",2010,76.2463414634146,69.48,2010
"portugal",2010,79.0268292682927,69.48,2010
"paraguay",2010,72.0266585365854,69.48,2010
"burkina faso",2010,55.006756097561,69.48,2010
"qatar",2010,78.1460487804878,69.48,2010
"romania",2010,73.4585365853659,69.48,2010
"rwanda",2010,62.2121463414634,69.48,2010
"saudi arabia",2010,75.0756097560976,69.48,2010
"sudan",2010,61.4782926829268,69.48,2010
"senegal",2010,62.8418780487805,69.48,2010
"singapore",2010,81.5414634146342,69.48,2010
"solomon islands",2010,67.0666585365854,69.48,2010
"sierra leone",2010,44.8389512195122,69.48,2010
"bangladesh",2010,69.4858048780488,69.48,2010
"el salvador",2010,71.6344146341464,69.48,2010
"serbia",2010,74.3365853658537,69.48,2010
"suriname",2010,70.3358292682927,69.48,2010
"slovenia",2010,79.4219512195122,69.48,2010
"sweden",2010,81.4512195121951,69.48,2010
"bulgaria",2010,73.5121951219512,69.48,2010
"swaziland",2010,48.345756097561,69.48,2010
"seychelles",2010,73.1975609756098,69.48,2010
"chad",2010,49.7698536585366,69.48,2010
"togo",2010,55.4688780487805,69.48,2010
"thailand",2010,73.8137804878049,69.48,2010
"tajikistan",2010,66.995512195122,69.48,2010
"turkmenistan",2010,65.0182195121951,69.48,2010
"bahrain",2010,76.2648536585366,69.48,2010
"tonga",2010,72.1826341463415,69.48,2010
"trinidad and tobago",2010,69.5973658536585,69.48,2010
"tunisia",2010,74.6024390243903,69.48,2010
"turkey",2010,74.2111951219512,69.48,2010
"uganda",2010,57.2965365853659,69.48,2010
"ukraine",2010,70.2653658536586,69.48,2010
"afghanistan",2010,59.6000975609756,69.48,2010
"uruguay",2010,76.6162195121951,69.48,2010
"united states",2010,78.5414634146342,69.48,2010
"uzbekistan",2010,67.858756097561,69.48,2010
"vietnam",2010,75.3117317073171,69.48,2010
"vanuatu",2010,70.8389024390244,69.48,2010
"samoa",2010,72.4080243902439,69.48,2010
"bosnia and herzegovina",2010,75.8066829268293,69.48,2010
"south africa",2010,54.390756097561,69.48,2010
"zambia",2010,54.5275609756098,69.48,2010
"zimbabwe",2010,53.5931219512195,69.48,2010
"belarus",2010,70.4048780487805,69.48,2010
"belize",2010,73.2704878048781,69.48,2010
"bolivia",2010,66.3197073170732,69.48,2010
"brazil",2010,73.0753170731707,69.48,2010
"barbados",2010,74.8017804878049,69.48,2010
"bhutan",2010,67.0046829268293,69.48,2010
"angola",2010,50.6541707317073,69.48,2010
"botswana",2010,46.4402926829268,69.48,2010
"canada",2010,80.8934878048781,69.48,2010
"switzerland",2010,82.2463414634147,69.48,2010
"chile",2010,79.0504634146342,69.48,2010
"china",2010,74.8850243902439,69.48,2010
"cameroon",2010,53.6948292682927,69.48,2010
"albania",2010,76.978512195122,69.48,2010
"colombia",2010,73.3676829268293,69.48,2010
"comoros",2010,60.2034146341463,69.48,2010
"costa rica",2010,79.2797073170732,69.48,2010
"cuba",2010,78.7177804878049,69.48,2010
"cyprus",2010,79.3098292682927,69.48,2010
"czech republic",2010,77.4243902439025,69.48,2010
"germany",2010,79.9878048780488,69.48,2010
"united arab emirates",2010,76.5986097560976,69.48,2010
"djibouti",2010,60.2911951219512,69.48,2010
"denmark",2010,79.1,69.48,2010
"dominican republic",2010,72.7921463414634,69.48,2010
"algeria",2010,70.6166097560976,69.48,2010
"ecuador",2010,75.6477073170732,69.48,2010
"spain",2010,81.6268292682927,69.48,2010
"estonia",2010,75.4292682926829,69.48,2010
"argentina",2010,75.6635609756098,69.48,2010
"ethiopia",2010,61.4679512195122,69.48,2010
"finland",2010,79.8707317073171,69.48,2010
"fiji",2010,69.3823170731707,69.48,2010
"france",2010,81.6634146341463,69.48,2010
"gabon",2010,62.289756097561,69.48,2010
"united kingdom",2010,80.4024390243902,69.48,2010
"georgia",2010,73.6747317073171,69.48,2010
"ghana",2010,60.5995609756098,69.48,2010
"armenia",2010,74.2196585365854,69.48,2010
"guinea",2010,55.298,69.48,2010
"guinea-bissau",2010,53.5584390243903,69.48,2010
"equatorial guinea",2010,51.5330731707317,69.48,2010
"greece",2010,80.3878048780488,69.48,2010
"guatemala",2010,70.9959756097561,69.48,2010
"guyana",2010,65.7024878048781,69.48,2010
"honduras",2010,72.8503170731707,69.48,2010
"croatia",2010,76.4756097560976,69.48,2010
"haiti",2010,61.866756097561,69.48,2010
"hungary",2010,74.2073170731707,69.48,2010
"indonesia",2010,70.1678536585366,69.48,2010
"india",2010,65.694243902439,69.48,2010
"ireland",2010,80.7439024390244,69.48,2010
"iraq",2010,68.829756097561,69.48,2010
"iceland",2010,81.8975609756097,69.48,2010
"israel",2010,81.6024390243903,69.48,2010
"italy",2010,82.0365853658537,69.48,2010
"jamaica",2010,72.8471219512195,69.48,2010
"jordan",2010,73.4358780487805,69.48,2010
"japan",2010,82.8426829268293,69.48,2010
"kazakhstan",2010,68.2953658536585,69.48,2010
"kenya",2010,59.5470731707317,69.48,2010
"australia",2009,81.5439024390244,69.48,2000
"cambodia",2009,70.1481951219512,69.48,2000
"kuwait",2009,74.07,69.48,2000
"lebanon",2009,78.9100731707317,69.48,2000
"liberia",2009,58.8591951219512,69.48,2000
"liechtenstein",2009,81.5,69.48,2000
"sri lanka",2009,73.6611951219512,69.48,2000
"lesotho",2009,46.6345853658537,69.48,2000
"lithuania",2009,72.9146341463415,69.48,2000
"luxembourg",2009,80.6365853658537,69.48,2000
"latvia",2009,73.0804878048781,69.48,2000
"morocco",2009,69.9374390243902,69.48,2000
"azerbaijan",2009,70.2926585365854,69.48,2000
"moldova",2009,68.3418048780488,69.48,2000
"madagascar",2009,62.9076585365854,69.48,2000
"maldives",2009,76.3464146341464,69.48,2000
"mexico",2009,76.4614634146341,69.48,2000
"mali",2009,53.3421951219512,69.48,2000
"malta",2009,80.2414634146342,69.48,2000
"burundi",2009,52.0940731707317,69.48,2000
"mongolia",2009,66.6412195121951,69.48,2000
"mozambique",2009,48.7994390243902,69.48,2000
"mauritania",2009,60.8594390243903,69.48,2000
"mauritius",2009,72.8824390243903,69.48,2000
"malawi",2009,52.683,69.48,2000
"malaysia",2009,74.3259268292683,69.48,2000
"namibia",2009,61.4409024390244,69.48,2000
"belgium",2009,79.9829268292683,69.48,2000
"niger",2009,56.4682195121951,69.48,2000
"nigeria",2009,50.8304878048781,69.48,2000
"nicaragua",2009,73.4441219512195,69.48,2000
"netherlands",2009,80.5487804878049,69.48,2000
"norway",2009,80.7951219512195,69.48,2000
"nepal",2009,66.6522926829268,69.48,2000
"new zealand",2009,80.7024390243902,69.48,2000
"oman",2009,75.7546097560976,69.48,2000
"pakistan",2009,65.9612682926829,69.48,2000
"panama",2009,76.7464634146341,69.48,2000
"benin",2009,58.506756097561,69.48,2000
"peru",2009,73.6036829268293,69.48,2000
"philippines",2009,68.0716097560976,69.48,2000
"papua new guinea",2009,61.820512195122,69.48,2000
"poland",2009,75.6951219512195,69.48,2000
"portugal",2009,78.7268292682927,69.48,2000
"paraguay",2009,71.9277804878049,69.48,2000
"burkina faso",2009,54.5576829268293,69.48,2000
"qatar",2009,77.9959512195122,69.48,2000
"romania",2009,73.309756097561,69.48,2000
"rwanda",2009,61.2800243902439,69.48,2000
"saudi arabia",2009,74.859243902439,69.48,2000
"sudan",2009,61.2464634146341,69.48,2000
"senegal",2009,62.5644146341463,69.48,2000
"singapore",2009,81.2414634146342,69.48,2000
"solomon islands",2009,66.8256829268293,69.48,2000
"sierra leone",2009,44.5014390243903,69.48,2000
"bangladesh",2009,69.0819268292683,69.48,2000
"el salvador",2009,71.4026585365854,69.48,2000
"serbia",2009,73.9853658536585,69.48,2000
"suriname",2009,70.0670243902439,69.48,2000
"slovenia",2009,78.9707317073171,69.48,2000
"sweden",2009,81.3512195121951,69.48,2000
"bulgaria",2009,73.4121951219512,69.48,2000
"swaziland",2009,47.892756097561,69.48,2000
"seychelles",2009,73.0341463414634,69.48,2000
"chad",2009,49.3075365853659,69.48,2000
"togo",2009,55.1439024390244,69.48,2000
"thailand",2009,73.5870731707317,69.48,2000
"tajikistan",2009,66.8213170731707,69.48,2000
"turkmenistan",2009,64.8810243902439,69.48,2000
"bahrain",2009,76.1240487804878,69.48,2000
"tonga",2009,72.031756097561,69.48,2000
"trinidad and tobago",2009,69.482487804878,69.48,2000
"tunisia",2009,74.4512195121951,69.48,2000
"turkey",2009,73.8760975609756,69.48,2000
"uganda",2009,56.491756097561,69.48,2000
"ukraine",2009,69.19,69.48,2000
"afghanistan",2009,59.1123414634146,69.48,2000
"uruguay",2009,76.4611707317073,69.48,2000
"united states",2009,78.090243902439,69.48,2000
"uzbekistan",2009,67.7420243902439,69.48,2000
"vietnam",2009,75.170756097561,69.48,2000
"vanuatu",2009,70.5458048780488,69.48,2000
"samoa",2009,72.1217073170732,69.48,2000
"bosnia and herzegovina",2009,75.6558780487805,69.48,2000
"south africa",2009,53.4670975609756,69.48,2000
"zambia",2009,53.1133658536586,69.48,2000
"zimbabwe",2009,51.1479268292683,69.48,2000
"belarus",2009,70.4073170731707,69.48,2000
"belize",2009,73.043243902439,69.48,2000
"bolivia",2009,66.0054634146342,69.48,2000
"brazil",2009,72.8041707317073,69.48,2000
"barbados",2009,74.6354390243903,69.48,2000
"bhutan",2009,66.5076829268293,69.48,2000
"angola",2009,50.2510243902439,69.48,2000
"botswana",2009,46.3002682926829,69.48,2000
"canada",2009,80.7170975609756,69.48,2000
"switzerland",2009,82.0439024390244,69.48,2000
"chile",2009,78.8185853658537,69.48,2000
"china",2009,74.7316341463415,69.48,2000
"cameroon",2009,53.2648536585366,69.48,2000
"albania",2009,76.8018780487805,69.48,2000
"colombia",2009,73.1580731707317,69.48,2000
"comoros",2009,59.9781707317073,69.48,2000
"costa rica",2009,79.082512195122,69.48,2000
"cuba",2009,78.534,69.48,2000
"cyprus",2009,79.1538292682927,69.48,2000
"czech republic",2009,77.0780487804878,69.48,2000
"germany",2009,79.8365853658537,69.48,2000
"united arab emirates",2009,76.4107073170732,69.48,2000
"djibouti",2009,59.7773170731707,69.48,2000
"denmark",2009,78.5975609756098,69.48,2000
"dominican republic",2009,72.5712195121951,69.48,2000
"algeria",2009,70.4749268292683,69.48,2000
"ecuador",2009,75.3993414634146,69.48,2000
"spain",2009,81.4756097560976,69.48,2000
"estonia",2009,74.8243902439024,69.48,2000
"argentina",2009,75.4870975609756,69.48,2000
"ethiopia",2009,60.6001463414634,69.48,2000
"finland",2009,79.719512195122,69.48,2000
"fiji",2009,69.2008048780488,69.48,2000
"france",2009,81.4146341463415,69.48,2000
"gabon",2009,61.8527073170732,69.48,2000
"united kingdom",2009,80.0512195121951,69.48,2000
"georgia",2009,73.5377317073171,69.48,2000
"ghana",2009,60.3510243902439,69.48,2000
"armenia",2009,74.0930487804878,69.48,2000
"guinea",2009,54.9318780487805,69.48,2000
"guinea-bissau",2009,53.3206097560976,69.48,2000
"equatorial guinea",2009,50.9653658536585,69.48,2000
"greece",2009,80.1878048780488,69.48,2000
"guatemala",2009,70.6810487804878,69.48,2000
"guyana",2009,65.5056097560976,69.48,2000
"honduras",2009,72.534243902439,69.48,2000
"croatia",2009,76.1682926829268,69.48,2000
"haiti",2009,61.3849268292683,69.48,2000
"hungary",2009,73.9048780487805,69.48,2000
"indonesia",2009,69.9330975609756,69.48,2000
"india",2009,65.4131951219512,69.48,2000
"ireland",2009,80.190243902439,69.48,2000
"iraq",2009,68.7279512195122,69.48,2000
"iceland",2009,81.7512195121951,69.48,2000
"israel",2009,81.4048780487805,69.48,2000
"italy",2009,81.6365853658537,69.48,2000
"jamaica",2009,72.5941463414634,69.48,2000
"jordan",2009,73.2783414634146,69.48,2000
"japan",2009,82.9314634146342,69.48,2000
"kazakhstan",2009,68.4292682926829,69.48,2000
"kenya",2009,58.6150487804878,69.48,2000
"australia",2008,81.3951219512195,69.48,2000
"cambodia",2008,69.5440487804878,69.48,2000
"kuwait",2008,73.9829268292683,69.48,2000
"lebanon",2008,78.5224146341464,69.48,2000
"liberia",2008,58.1074878048781,69.48,2000
"liechtenstein",2008,82.6829268292683,69.48,2000
"sri lanka",2008,73.6199512195122,69.48,2000
"lesotho",2008,45.739243902439,69.48,2000
"lithuania",2008,71.8121951219512,69.48,2000
"luxembourg",2008,80.5390243902439,69.48,2000
"latvia",2008,72.419512195122,69.48,2000
"morocco",2008,69.7081707317073,69.48,2000
"azerbaijan",2008,70.0629268292683,69.48,2000
"moldova",2008,68.2272926829268,69.48,2000
"madagascar",2008,62.474756097561,69.48,2000
"maldives",2008,75.8670975609756,69.48,2000
"mexico",2008,76.2266585365854,69.48,2000
"mali",2008,52.903243902439,69.48,2000
"malta",2008,79.6365853658537,69.48,2000
"burundi",2008,51.5565853658537,69.48,2000
"mongolia",2008,66.3571219512195,69.48,2000
"mozambique",2008,48.4938292682927,69.48,2000
"mauritania",2008,60.697512195122,69.48,2000
"mauritius",2008,72.5707317073171,69.48,2000
"malawi",2008,51.8057317073171,69.48,2000
"malaysia",2008,74.1614634146342,69.48,2000
"namibia",2008,60.1840731707317,69.48,2000
"belgium",2008,79.6804878048781,69.48,2000
"niger",2008,55.9253902439024,69.48,2000
"nigeria",2008,50.3293902439024,69.48,2000
"nicaragua",2008,73.082243902439,69.48,2000
"netherlands",2008,80.2512195121951,69.48,2000
"norway",2008,80.5926829268293,69.48,2000
"nepal",2008,66.1901951219512,69.48,2000
"new zealand",2008,80.3512195121951,69.48,2000
"oman",2008,75.4470487804878,69.48,2000
"pakistan",2008,65.7846341463415,69.48,2000
"panama",2008,76.5511707317073,69.48,2000
"benin",2008,58.216,69.48,2000
"peru",2008,73.3072926829268,69.48,2000
"philippines",2008,67.9185365853659,69.48,2000
"papua new guinea",2008,61.5912195121951,69.48,2000
"poland",2008,75.5439024390244,69.48,2000
"portugal",2008,78.5243902439025,69.48,2000
"paraguay",2008,71.8118048780488,69.48,2000
"burkina faso",2008,54.0941951219512,69.48,2000
"qatar",2008,77.8499268292683,69.48,2000
"romania",2008,72.5658536585366,69.48,2000
"rwanda",2008,60.0924634146342,69.48,2000
"saudi arabia",2008,74.6378780487805,69.48,2000
"sudan",2008,60.9753902439024,69.48,2000
"senegal",2008,62.1926341463415,69.48,2000
"singapore",2008,80.790243902439,69.48,2000
"solomon islands",2008,66.5622195121951,69.48,2000
"sierra leone",2008,44.0674634146342,69.48,2000
"bangladesh",2008,68.6807073170732,69.48,2000
"el salvador",2008,71.1779512195122,69.48,2000
"serbia",2008,73.8853658536585,69.48,2000
"suriname",2008,69.7757073170732,69.48,2000
"slovenia",2008,78.7658536585366,69.48,2000
"sweden",2008,81.1,69.48,2000
"bulgaria",2008,72.9634146341463,69.48,2000
"swaziland",2008,47.3458292682927,69.48,2000
"seychelles",2008,73.1634146341463,69.48,2000
"chad",2008,48.8571707317073,69.48,2000
"togo",2008,54.8431951219512,69.48,2000
"thailand",2008,73.3222195121951,69.48,2000
"tajikistan",2008,66.6045365853659,69.48,2000
"turkmenistan",2008,64.7540487804878,69.48,2000
"bahrain",2008,75.9766097560976,69.48,2000
"tonga",2008,71.8827073170732,69.48,2000
"trinidad and tobago",2008,69.3643658536586,69.48,2000
"tunisia",2008,74.3024390243903,69.48,2000
"turkey",2008,73.5341951219512,69.48,2000
"uganda",2008,55.6243902439024,69.48,2000
"ukraine",2008,68.2514634146342,69.48,2000
"afghanistan",2008,58.6070975609756,69.48,2000
"uruguay",2008,76.2951219512195,69.48,2000
"united states",2008,77.9390243902439,69.48,2000
"uzbekistan",2008,67.6321707317073,69.48,2000
"vietnam",2008,75.0350731707317,69.48,2000
"vanuatu",2008,70.2477317073171,69.48,2000
"samoa",2008,71.8378048780488,69.48,2000
"bosnia and herzegovina",2008,75.5109756097561,69.48,2000
"south africa",2008,52.6360243902439,69.48,2000
"zambia",2008,51.6221463414634,69.48,2000
"zimbabwe",2008,48.8083414634146,69.48,2000
"belarus",2008,70.4560975609756,69.48,2000
"belize",2008,72.8077073170732,69.48,2000
"bolivia",2008,65.6857073170732,69.48,2000
"brazil",2008,72.5338780487805,69.48,2000
"barbados",2008,74.4675853658537,69.48,2000
"bhutan",2008,65.9626829268293,69.48,2000
"angola",2008,49.8473902439024,69.48,2000
"botswana",2008,46.2503658536585,69.48,2000
"canada",2008,80.5432195121951,69.48,2000
"switzerland",2008,81.9926829268293,69.48,2000
"chile",2008,78.6174146341464,69.48,2000
"china",2008,74.5798292682927,69.48,2000
"cameroon",2008,52.8558292682927,69.48,2000
"albania",2008,76.6323170731707,69.48,2000
"colombia",2008,72.9435365853658,69.48,2000
"comoros",2008,59.7497073170732,69.48,2000
"costa rica",2008,78.9004878048781,69.48,2000
"cuba",2008,78.3410487804878,69.48,2000
"cyprus",2008,79.0049512195122,69.48,2000
"czech republic",2008,76.9756097560976,69.48,2000
"germany",2008,79.7365853658537,69.48,2000
"united arab emirates",2008,76.214756097561,69.48,2000
"djibouti",2008,59.2758780487805,69.48,2000
"denmark",2008,78.4463414634146,69.48,2000
"dominican republic",2008,72.3497804878049,69.48,2000
"algeria",2008,70.3270731707317,69.48,2000
"ecuador",2008,75.176512195122,69.48,2000
"spain",2008,81.1756097560976,69.48,2000
"estonia",2008,73.7707317073171,69.48,2000
"argentina",2008,75.3081951219512,69.48,2000
"ethiopia",2008,59.6562682926829,69.48,2000
"finland",2008,79.5682926829268,69.48,2000
"fiji",2008,69.021,69.48,2000
"france",2008,81.2146341463415,69.48,2000
"gabon",2008,61.3857073170732,69.48,2000
"united kingdom",2008,79.6,69.48,2000
"georgia",2008,73.3968048780488,69.48,2000
"ghana",2008,60.0299512195122,69.48,2000
"armenia",2008,73.9438780487805,69.48,2000
"guinea",2008,54.4784390243902,69.48,2000
"guinea-bissau",2008,53.0817317073171,69.48,2000
"equatorial guinea",2008,50.3957317073171,69.48,2000
"greece",2008,79.9390243902439,69.48,2000
"guatemala",2008,70.3891463414634,69.48,2000
"guyana",2008,65.2871951219512,69.48,2000
"honduras",2008,72.2343414634146,69.48,2000
"croatia",2008,75.9121951219512,69.48,2000
"haiti",2008,60.8704146341463,69.48,2000
"hungary",2008,73.7024390243903,69.48,2000
"indonesia",2008,69.6852926829268,69.48,2000
"india",2008,65.1133902439025,69.48,2000
"ireland",2008,80.0951219512195,69.48,2000
"iraq",2008,68.7346829268293,69.48,2000
"iceland",2008,81.609756097561,69.48,2000
"israel",2008,80.9512195121951,69.48,2000
"italy",2008,81.4853658536585,69.48,2000
"jamaica",2008,72.3230243902439,69.48,2000
"jordan",2008,73.1197804878049,69.48,2000
"japan",2008,82.5875609756098,69.48,2000
"kazakhstan",2008,67.0219512195122,69.48,2000
"kenya",2008,57.6130487804878,69.48,2000
"australia",2007,81.2926829268293,69.48,2000
"cambodia",2007,68.8209512195122,69.48,2000
"kuwait",2007,73.8987073170732,69.48,2000
"lebanon",2007,78.0833170731707,69.48,2000
"liberia",2007,57.1882195121951,69.48,2000
"liechtenstein",2007,81.2951219512195,69.48,2000
"sri lanka",2007,73.6200243902439,69.48,2000
"lesotho",2007,44.8822195121951,69.48,2000
"lithuania",2007,70.9,69.48,2000
"luxembourg",2007,79.3829268292683,69.48,2000
"latvia",2007,71.019512195122,69.48,2000
"morocco",2007,69.4862682926829,69.48,2000
"azerbaijan",2007,69.756,69.48,2000
"moldova",2007,68.1110975609756,69.48,2000
"madagascar",2007,62.048,69.48,2000
"maldives",2007,75.3374390243903,69.48,2000
"mexico",2007,75.9843902439024,69.48,2000
"mali",2007,52.4538292682927,69.48,2000
"malta",2007,79.7926829268293,69.48,2000
"burundi",2007,51.0214634146342,69.48,2000
"mongolia",2007,66.0374390243903,69.48,2000
"mozambique",2007,48.2321463414634,69.48,2000
"mauritania",2007,60.5394634146342,69.48,2000
"mauritius",2007,72.5707317073171,69.48,2000
"malawi",2007,50.8632926829268,69.48,2000
"malaysia",2007,74.0006829268293,69.48,2000
"namibia",2007,58.7808048780488,69.48,2000
"belgium",2007,79.7829268292683,69.48,2000
"niger",2007,55.3531463414634,69.48,2000
"nigeria",2007,49.7916097560976,69.48,2000
"nicaragua",2007,72.7064878048781,69.48,2000
"netherlands",2007,80.0975609756098,69.48,2000
"norway",2007,80.3951219512195,69.48,2000
"nepal",2007,65.7200975609756,69.48,2000
"new zealand",2007,80.1512195121951,69.48,2000
"oman",2007,75.1206097560976,69.48,2000
"pakistan",2007,65.5959024390244,69.48,2000
"panama",2007,76.3638536585366,69.48,2000
"benin",2007,57.8738780487805,69.48,2000
"peru",2007,73.0148780487805,69.48,2000
"philippines",2007,67.7705609756098,69.48,2000
"papua new guinea",2007,61.3169024390244,69.48,2000
"poland",2007,75.2439024390244,69.48,2000
"portugal",2007,78.3219512195122,69.48,2000
"paraguay",2007,71.6742195121951,69.48,2000
"burkina faso",2007,53.6196829268293,69.48,2000
"qatar",2007,77.711,69.48,2000
"romania",2007,72.5658536585366,69.48,2000
"rwanda",2007,58.6479024390244,69.48,2000
"saudi arabia",2007,74.411512195122,69.48,2000
"sudan",2007,60.6625609756098,69.48,2000
"senegal",2007,61.7235365853659,69.48,2000
"singapore",2007,80.4414634146342,69.48,2000
"solomon islands",2007,66.2678048780488,69.48,2000
"sierra leone",2007,43.5264878048781,69.48,2000
"bangladesh",2007,68.2831463414634,69.48,2000
"el salvador",2007,70.960243902439,69.48,2000
"serbia",2007,73.6317073170732,69.48,2000
"suriname",2007,69.4679024390244,69.48,2000
"slovenia",2007,78.5609756097561,69.48,2000
"sweden",2007,80.9,69.48,2000
"bulgaria",2007,72.6634146341463,69.48,2000
"swaziland",2007,46.7723902439024,69.48,2000
"seychelles",2007,73.1926829268293,69.48,2000
"chad",2007,48.4271707317073,69.48,2000
"togo",2007,54.5737317073171,69.48,2000
"thailand",2007,73.0181707317073,69.48,2000
"tajikistan",2007,66.3401463414634,69.48,2000
"turkmenistan",2007,64.6378292682927,69.48,2000
"bahrain",2007,75.823,69.48,2000
"tonga",2007,71.737512195122,69.48,2000
"trinidad and tobago",2007,69.2440243902439,69.48,2000
"tunisia",2007,74.2024390243903,69.48,2000
"turkey",2007,73.1819268292683,69.48,2000
"uganda",2007,54.7176341463415,69.48,2000
"ukraine",2007,68.2221951219512,69.48,2000
"afghanistan",2007,58.0913658536585,69.48,2000
"uruguay",2007,76.1160487804878,69.48,2000
"united states",2007,77.8390243902439,69.48,2000
"uzbekistan",2007,67.5297073170732,69.48,2000
"vietnam",2007,74.9021951219512,69.48,2000
"vanuatu",2007,69.9442195121951,69.48,2000
"samoa",2007,71.5572926829268,69.48,2000
"bosnia and herzegovina",2007,75.3704878048781,69.48,2000
"south africa",2007,51.996512195122,69.48,2000
"zambia",2007,50.0985365853659,69.48,2000
"zimbabwe",2007,46.7497317073171,69.48,2000
"belarus",2007,70.2034146341464,69.48,2000
"belize",2007,72.5637317073171,69.48,2000
"bolivia",2007,65.3619024390244,69.48,2000
"brazil",2007,72.2629024390244,69.48,2000
"barbados",2007,74.2972195121951,69.48,2000
"bhutan",2007,65.3657317073171,69.48,2000
"angola",2007,49.4357317073171,69.48,2000
"botswana",2007,46.2960975609756,69.48,2000
"canada",2007,80.3698780487805,69.48,2000
"switzerland",2007,81.7414634146342,69.48,2000
"chile",2007,78.4429756097561,69.48,2000
"china",2007,74.4240731707317,69.48,2000
"cameroon",2007,52.4791463414634,69.48,2000
"albania",2007,76.4648536585366,69.48,2000
"colombia",2007,72.7230487804878,69.48,2000
"comoros",2007,59.519,69.48,2000
"costa rica",2007,78.7346585365854,69.48,2000
"cuba",2007,78.1374390243903,69.48,2000
"cyprus",2007,78.8637317073171,69.48,2000
"czech republic",2007,76.7243902439025,69.48,2000
"germany",2007,79.5341463414634,69.48,2000
"united arab emirates",2007,76.0112195121951,69.48,2000
"djibouti",2007,58.8003414634146,69.48,2000
"denmark",2007,78.1951219512195,69.48,2000
"dominican republic",2007,72.1293170731707,69.48,2000
"algeria",2007,70.1710487804878,69.48,2000
"ecuador",2007,74.9787317073171,69.48,2000
"spain",2007,80.8731707317073,69.48,2000
"estonia",2007,72.8146341463415,69.48,2000
"argentina",2007,75.1269024390244,69.48,2000
"ethiopia",2007,58.6536585365854,69.48,2000
"finland",2007,79.2634146341464,69.48,2000
"fiji",2007,68.8423902439024,69.48,2000
"france",2007,81.1121951219512,69.48,2000
"gabon",2007,60.9037317073171,69.48,2000
"united kingdom",2007,79.4487804878049,69.48,2000
"georgia",2007,73.2484390243903,69.48,2000
"ghana",2007,59.6378536585366,69.48,2000
"armenia",2007,73.7646341463415,69.48,2000
"guinea",2007,53.9437073170732,69.48,2000
"guinea-bissau",2007,52.8437073170732,69.48,2000
"equatorial guinea",2007,49.8450731707317,69.48,2000
"greece",2007,79.4390243902439,69.48,2000
"guatemala",2007,70.1192682926829,69.48,2000
"guyana",2007,65.0472195121951,69.48,2000
"honduras",2007,71.956512195122,69.48,2000
"croatia",2007,75.7056097560976,69.48,2000
"haiti",2007,60.3372195121951,69.48,2000
"hungary",2007,73.1512195121951,69.48,2000
"indonesia",2007,69.4229024390244,69.48,2000
"india",2007,64.7938536585366,69.48,2000
"ireland",2007,79.6414634146341,69.48,2000
"iraq",2007,68.8594634146341,69.48,2000
"iceland",2007,81.4536585365854,69.48,2000
"israel",2007,80.5048780487805,69.48,2000
"italy",2007,81.4341463414634,69.48,2000
"jamaica",2007,72.0408048780488,69.48,2000
"jordan",2007,72.9611951219512,69.48,2000
"japan",2007,82.5070731707317,69.48,2000
"kazakhstan",2007,66.5048780487805,69.48,2000
"kenya",2007,56.5923414634146,69.48,2000
"australia",2006,81.0414634146342,69.48,2000
"cambodia",2006,67.9828292682927,69.48,2000
"kuwait",2006,73.8168292682927,69.48,2000
"lebanon",2006,77.5967317073171,69.48,2000
"liberia",2006,56.1403902439024,69.48,2000
"liechtenstein",2006,80.9487804878049,69.48,2000
"sri lanka",2006,73.6360243902439,69.48,2000
"lesotho",2006,44.1483414634146,69.48,2000
"lithuania",2006,71.0560975609756,69.48,2000
"luxembourg",2006,79.2878048780488,69.48,2000
"latvia",2006,70.8658536585366,69.48,2000
"morocco",2006,69.273756097561,69.48,2000
"azerbaijan",2006,69.3747317073171,69.48,2000
"moldova",2006,67.9917317073171,69.48,2000
"madagascar",2006,61.6223658536585,69.48,2000
"maldives",2006,74.7496097560976,69.48,2000
"mexico",2006,75.7366585365854,69.48,2000
"mali",2006,51.9944390243902,69.48,2000
"malta",2006,79.4390243902439,69.48,2000
"burundi",2006,50.4996097560976,69.48,2000
"mongolia",2006,65.682756097561,69.48,2000
"mozambique",2006,48.0164146341463,69.48,2000
"mauritania",2006,60.3868048780488,69.48,2000
"mauritius",2006,72.4321951219512,69.48,2000
"malawi",2006,49.8905853658537,69.48,2000
"malaysia",2006,73.8430487804878,69.48,2000
"namibia",2006,57.3248780487805,69.48,2000
"belgium",2006,79.380487804878,69.48,2000
"niger",2006,54.7514146341464,69.48,2000
"nigeria",2006,49.2286341463415,69.48,2000
"nicaragua",2006,72.3163658536586,69.48,2000
"netherlands",2006,79.6975609756098,69.48,2000
"norway",2006,80.3439024390244,69.48,2000
"nepal",2006,65.2395365853659,69.48,2000
"new zealand",2006,80.0487804878049,69.48,2000
"oman",2006,74.7738048780488,69.48,2000
"pakistan",2006,65.3931219512195,69.48,2000
"panama",2006,76.1834634146342,69.48,2000
"benin",2006,57.4868780487805,69.48,2000
"peru",2006,72.7209756097561,69.48,2000
"philippines",2006,67.6281951219512,69.48,2000
"papua new guinea",2006,60.9980243902439,69.48,2000
"poland",2006,75.1439024390244,69.48,2000
"portugal",2006,78.419512195122,69.48,2000
"paraguay",2006,71.5134878048781,69.48,2000
"burkina faso",2006,53.1396829268293,69.48,2000
"qatar",2006,77.5771707317073,69.48,2000
"romania",2006,72.1634146341463,69.48,2000
"rwanda",2006,56.975756097561,69.48,2000
"saudi arabia",2006,74.1786341463415,69.48,2000
"sudan",2006,60.3105365853659,69.48,2000
"senegal",2006,61.1686829268293,69.48,2000
"singapore",2006,80.1414634146341,69.48,2000
"solomon islands",2006,65.9351219512195,69.48,2000
"sierra leone",2006,42.8825365853659,69.48,2000
"bangladesh",2006,67.8872682926829,69.48,2000
"el salvador",2006,70.7505609756098,69.48,2000
"serbia",2006,73.3853658536585,69.48,2000
"suriname",2006,69.1521463414634,69.48,2000
"slovenia",2006,78.0865853658537,69.48,2000
"sweden",2006,80.7487804878049,69.48,2000
"bulgaria",2006,72.6121951219512,69.48,2000
"swaziland",2006,46.2413658536585,69.48,2000
"seychelles",2006,72.2170731707317,69.48,2000
"chad",2006,48.028,69.48,2000
"togo",2006,54.3415365853659,69.48,2000
"thailand",2006,72.6819268292683,69.48,2000
"tajikistan",2006,66.0297317073171,69.48,2000
"turkmenistan",2006,64.5312926829268,69.48,2000
"bahrain",2006,75.6607317073171,69.48,2000
"tonga",2006,71.5937073170732,69.48,2000
"trinidad and tobago",2006,69.1244634146341,69.48,2000
"tunisia",2006,73.9,69.48,2000
"turkey",2006,72.8157317073171,69.48,2000
"uganda",2006,53.7878536585366,69.48,2000
"ukraine",2006,68.0775609756098,69.48,2000
"afghanistan",2006,57.5706585365854,69.48,2000
"uruguay",2006,75.9249512195122,69.48,2000
"united states",2006,77.5878048780488,69.48,2000
"uzbekistan",2006,67.4351463414634,69.48,2000
"vietnam",2006,74.7686341463415,69.48,2000
"vanuatu",2006,69.634756097561,69.48,2000
"samoa",2006,71.2766585365854,69.48,2000
"bosnia and herzegovina",2006,75.2309512195122,69.48,2000
"south africa",2006,51.6137073170732,69.48,2000
"zambia",2006,48.5849268292683,69.48,2000
"zimbabwe",2006,45.0842682926829,69.48,2000
"belarus",2006,69.4048780487805,69.48,2000
"belize",2006,72.3123658536585,69.48,2000
"bolivia",2006,65.0330975609756,69.48,2000
"brazil",2006,71.9917804878049,69.48,2000
"barbados",2006,74.1248292682927,69.48,2000
"bhutan",2006,64.7183170731707,69.48,2000
"angola",2006,49.0070487804878,69.48,2000
"botswana",2006,46.4479756097561,69.48,2000
"canada",2006,80.6439024390244,69.48,2000
"switzerland",2006,81.490243902439,69.48,2000
"chile",2006,78.289756097561,69.48,2000
"china",2006,74.2563170731707,69.48,2000
"cameroon",2006,52.150243902439,69.48,2000
"albania",2006,76.2905365853659,69.48,2000
"colombia",2006,72.4955853658537,69.48,2000
"comoros",2006,59.2860487804878,69.48,2000
"costa rica",2006,78.584512195122,69.48,2000
"cuba",2006,77.9250975609756,69.48,2000
"cyprus",2006,78.7291463414634,69.48,2000
"czech republic",2006,76.5243902439024,69.48,2000
"germany",2006,79.1317073170732,69.48,2000
"united arab emirates",2006,75.8001219512195,69.48,2000
"djibouti",2006,58.3641707317073,69.48,2000
"denmark",2006,78.0951219512195,69.48,2000
"dominican republic",2006,71.9093414634146,69.48,2000
"algeria",2006,70.0083658536585,69.48,2000
"ecuador",2006,74.8000487804878,69.48,2000
"spain",2006,80.8219512195122,69.48,2000
"estonia",2006,72.6914634146341,69.48,2000
"argentina",2006,74.9412195121951,69.48,2000
"ethiopia",2006,57.6152195121951,69.48,2000
"finland",2006,79.2146341463415,69.48,2000
"fiji",2006,68.666,69.48,2000
"france",2006,80.8121951219512,69.48,2000
"gabon",2006,60.431243902439,69.48,2000
"united kingdom",2006,79.2487804878049,69.48,2000
"georgia",2006,73.0890731707317,69.48,2000
"ghana",2006,59.1867073170732,69.48,2000
"armenia",2006,73.5498292682927,69.48,2000
"guinea",2006,53.3495365853659,69.48,2000
"guinea-bissau",2006,52.6082926829268,69.48,2000
"equatorial guinea",2006,49.3278292682927,69.48,2000
"greece",2006,79.4390243902439,69.48,2000
"guatemala",2006,69.8644146341464,69.48,2000
"guyana",2006,64.7912682926829,69.48,2000
"honduras",2006,71.7026829268293,69.48,2000
"croatia",2006,75.8368292682927,69.48,2000
"haiti",2006,59.8018292682927,69.48,2000
"hungary",2006,73.0975609756098,69.48,2000
"indonesia",2006,69.1459512195122,69.48,2000
"india",2006,64.4550975609756,69.48,2000
"ireland",2006,79.2414634146342,69.48,2000
"iraq",2006,69.0915609756098,69.48,2000
"iceland",2006,81.1585365853659,69.48,2000
"israel",2006,80.5536585365854,69.48,2000
"italy",2006,81.2829268292683,69.48,2000
"jamaica",2006,71.7560731707317,69.48,2000
"jordan",2006,72.8010487804878,69.48,2000
"japan",2006,82.3219512195122,69.48,2000
"kazakhstan",2006,66.1609756097561,69.48,2000
"kenya",2006,55.6011951219512,69.48,2000
